"V1","V2","V3","V4"
-0.465540089146107,0.567856641725753,0.358008776168005,5.93904637350187
0.896343066592455,1.27786418315585,0.78969910743344,-0.3477289627297
0.00647227013416032,-0.255587973539333,0.78234439568379,1.51319969312592
0.190598592676871,2.46203394840999,0.881822790466805,-0.585761220462716
0.991827189596104,-0.405619405749907,1.55729173070699,1.07121601941099
0.724199276079573,0.491974530748074,0.995439070520221,0.177558769261827
-0.483578785822543,0.122838843337679,-0.0838351810088428,-2.71554591065649
0.399330938542748,-0.735620493134877,-0.309391716942934,2.15666403540088
0.279661106609207,-1.96950761202,-2.67063370594357,-0.441245517899168
-0.0433246263931541,-0.104389445504825,-1.13801404223664,0.335915075181591
-0.662180051020617,-0.424464194191282,0.763712966537218,0.515354222415384
1.65794783317286,0.504946273097232,0.521881134730868,-0.232641160483454
-0.352679064523975,-0.761192444597399,-0.926820211986434,-1.583900526101
1.19699645470375,-0.474960477285882,-2.64435234358958,1.61222724254201
0.075094473063172,0.306304685645237,0.453153792289242,2.25414735332119
-0.293891910879298,-0.605030892770968,0.55151988333785,1.56242708298135
-0.689638007640289,0.554491636253034,0.615571444249854,1.21926548308171
0.794651435337254,2.41560654681038,1.59745175133356,-0.449818063681211
-0.110499152430179,-0.609345523299472,0.512314377255026,0.169090817264369
-1.19204057554108,0.224708098329763,-1.77989303696879,0.723244142718949
1.00511148947299,0.157151647861392,1.61585892693075,-0.951360153549942
-0.561051208315999,-1.48199719354685,0.629099877531887,0.865740666357827
0.408671774609676,0.261427774785963,6.20606931826257,-1.01571047628983
0.0656598955970487,0.18598493956103,0.582333832776402,2.61815779600023
1.94630527880742,-0.701812493687666,0.603635697112164,0.179568030292902
-1.14681136874464,-1.72901115120177,-0.598166899198696,0.950725181685784
0.482772430337262,-0.0530158325260945,-2.70432749715515,-3.54824147529462
-1.03827957749558,0.382167899771482,1.54583526457255,2.46567590074062
0.292621330522378,0.128276601503658,-0.183331618143227,-0.442474165915559
-1.12775257786519,0.0379738696477519,-0.288423894084688,-1.88144677004671
0.162257828454887,-8.27136092391227,-2.66934869059832,-0.757293220605547
1.12196289311875,-0.352208939510009,-4.28289975914244,-2.33436333693046
0.826167701513106,0.226581903781551,0.372882968575552,-1.4930092419361
-0.174220402448367,-0.837743927614577,-0.359146088828758,-1.58904671666869
-0.749561034791966,2.2231818828543,2.3437849116788,-1.18162202504748
0.244491212039172,-0.333158831520229,2.06021555852899,-1.56536067506164
-0.118964456615788,0.902301815204702,0.78066810857989,0.231330128084689
-1.50169813127584,0.334594666833275,2.12713511931439,2.67398300074506
-0.557909844887241,2.01681015454315,2.54319741052112,-1.25191605036119
1.46041179669914,0.0544223610974532,0.147024865994945,-1.77771186253147
1.15065413752736,0.0386162733158688,-0.769195272393035,0.741462777789808
-1.11768733243966,0.0260070168111819,-0.857640701596565,-1.17948011897299
0.678056612197907,0.332777299857632,0.286191786957703,0.78988867269442
-0.0802903033917715,0.271319969127286,-0.599126031418802,-0.0656570127020131
-0.0405621651171787,0.291290941308934,-0.720372419824929,-3.30960646098432
-1.35568251892799,0.975782520630581,0.888079219389755,-0.890258994121111
-1.71677658042747,-1.09901407667316,-2.46835092426197,1.32239861391011
-0.705945139245586,3.48342430933191,1.19518796757888,0.510616622911363
-0.101981625392548,0.358837179455223,1.2899173923268,-0.901619901128031
0.576520713602829,-0.0675632319355936,-0.0640763299246032,-2.69556144613537
-0.357307367003386,0.811068010682567,-1.50609369952131,-1.30045121202523
0.836418225682512,3.53640707300858,-0.451052147519729,1.53776024857795
-0.587946700506523,-1.75245392190634,-1.96829650478161,-1.42219414618788
-0.139688026466841,0.103381500539449,-1.54322927517043,-0.397668833379097
-1.17898511148999,-0.964046565297115,-0.450839410128392,0.546594798202167
0.205123741825617,1.35395653695961,-3.20929123409369,-0.284922731737373
0.42201135675637,0.233569821704069,0.148825814964642,0.701291613844614
-0.919716531355321,-0.29107632208916,-0.0758216009226396,-2.74556551380955
-0.616144828934468,-2.93922190808779,0.472299156358592,-3.71377727279832
0.598816025904893,0.392059676040751,1.7969468145382,-2.48501118328054
-0.260945459268068,0.407184942641087,0.466543724353022,2.39940802544704
-0.113678663887531,-9.31926627514022,-2.80022778427033,-1.62355726015278
0.679669437346502,0.523635505100575,0.759031462059343,0.817685389636389
1.40656344149087,0.442867547505042,0.397549903088707,-1.29238977502014
0.0552558160881141,-4.99620939803644,-1.36058266868417,0.757408366926003
1.26511179486478,0.381189015085424,-0.229407463615504,-2.12326992545707
0.0944624123876024,0.789349565578183,0.252416524037339,-2.84084389714995
0.211339403287172,1.40856815867731,-0.162156562249896,-4.06752415613706
0.542711507377261,-1.92306110920027,0.773080434962336,1.42467433145139
-2.45871671391078,0.734387756352377,0.899174054147994,3.30986673042793
-0.366142477513382,0.0446432774293549,-1.93016759770953,-0.366663941882494
-2.38873431921953,-0.962803475730481,-0.883818027217964,-0.396613399379793
-0.27515865593983,-0.787736960643131,-0.390043795248219,2.07524352163993
-0.301911642393786,-0.690037513553791,-1.66238159590441,-0.403618281638449
-0.339535157431472,-0.771660149466118,0.449950266652783,0.857067642524515
0.556350343875075,-0.376684151535424,0.600644027869927,1.49297540114767
-1.96403500720074,-0.633377758538133,1.19632786142943,0.893436092408705
-0.877416160739745,-0.231698738277385,-1.06945662070593,-1.09718088716846
-1.27294932518676,-1.17651543110076,0.00565625149958954,-1.86382165381019
-0.892984719775463,1.14612042694559,0.541410015335747,0.817600907164333
1.7352582811683,0.949088223488217,-0.158960762972389,-1.23423872426381
1.00424765804063,1.87385328781771,0.0422013164582166,-1.93074634455484
0.180059394370399,0.839541418824677,1.93560926211516,-0.537416916773521
0.533692286672069,0.525784075400541,-0.0281481760051842,-0.549787926082697
0.322079298892272,0.595190015822008,0.354746686093245,2.34198699500554
0.28619330985118,-1.2824480662977,-1.17367861628523,1.22635551444958
-0.473176714595966,1.37498310900191,-0.912319636076866,-0.741800573785772
0.119589556299823,0.499332855050097,1.97238037151939,0.852315436261084
-0.961671013072603,-0.520125871879334,-0.567200232041632,-1.01402207072887
-0.406012174065588,-0.323089659831128,1.20609855741644,2.27033089965254
-2.52093791144434,-0.519855230941283,-1.64462162862164,-1.88298265557658
-0.646915765370263,-0.449646083857568,-0.800559267367402,1.04975717069968
-0.554921364466893,-0.783131541330931,0.912457702520835,-0.138989622414206
-1.16886433149708,0.0287814864979957,-1.12211764452199,0.896214640189343
1.0554030662526,-1.00966823518857,-0.408417827579405,-1.188935515186
0.977012958655668,1.57001261286249,1.42544197213384,2.48203686635623
-1.02661970628318,0.670334791985364,-1.75987651188778,-0.896377071996375
1.55402199928173,-1.15521433187868,-0.59539021234115,-1.98288470609573
0.00524713089540746,-0.760964242088455,-0.62378833260628,3.95042320523525
-0.673382452494422,-1.82434225907623,-0.930782033338509,0.292064677607738
-0.242826791530768,-2.7930504829983,-0.121207528419395,-0.961070210276149
0.250718751815552,-2.9089196975682,-1.52217742147776,-1.90208272332547
-1.12082941956464,0.830606289918995,-1.91838162693981,-0.448458976421252
-0.276928385731154,1.00881383103349,0.62801317562592,-1.36514846890361
1.40260419024817,-0.294731988963983,1.30315855979725,0.096160499136579
-2.15373913350649,0.40659651134246,0.505037918364674,7.78055082788036
-0.487375004777861,-2.10581927045539,0.494015122248683,0.0226801643665606
-0.405278223102042,0.614596882304995,0.054485847101192,-1.19653400988971
-0.449321705878537,1.5961541451689,0.795733965899638,-0.180545213751393
0.639138323303364,-1.7502004780981,-0.0993838657137613,0.671333983443923
-1.84370579384853,-2.37612961648908,-0.103321459310074,-0.94146856432234
0.266583084894622,-1.38096248696725,-0.776675467773651,4.1625317336568
-2.15469720878447,-1.15865126375429,1.79117858924947,-2.32223319287152
0.467444321715696,2.72610388131835,-0.29061741722213,-0.47329335764802
-0.394341947532781,-0.936843219772559,-1.08970558164177,0.0963964005364879
-1.1137947233578,-0.247648481258402,0.889586684766889,-2.10999747694984
0.82741747381278,-1.66499470946681,-0.45002707974596,-1.05299933323469
0.286850213607369,0.968588781463693,0.0164548670351339,-1.68058216031115
-0.528985563088577,-0.615171608023796,1.4215395338567,5.89283331423656
0.406504042378565,-0.444282455097254,-0.000816774810775411,-2.85295340738812
0.764444952781508,-0.829834649391957,-0.505157546519869,0.29636459051665
-0.592847808716816,-0.721994964277733,-0.194612517256531,0.191366467564767
-1.18548911423505,-0.851568485378734,-0.520031856033721,-1.94450938268406
0.135423614175461,0.551367734407232,0.884248683744473,-1.1966984160391
0.733157444446332,0.780729422557199,0.859417014912147,1.17532759908941
-0.446593763066447,-1.15837342915109,-0.197516077941297,-1.48537398485156
-0.963500924422635,-0.735305518410235,-0.00473294942593611,-1.79263843066731
-0.315466883358023,9.38280373800531,-2.68324827465483,2.32399877406594
0.491932953256144,-5.00198690368083,-1.34559378469704,-0.316363227537486
0.315126241043789,-1.0969386722212,0.360327351335506,0.310096160937394
0.561220807712265,-1.61012122917189,0.848652556329958,3.96175970472457
2.43196094725943,-2.18195199113907,2.11625049618938,-0.954108797046129
0.351208133759382,-0.105512251833784,-0.588523595719393,-0.611616389634141
0.0729366690231541,0.933282434600711,-0.508049858077925,0.659808519756462
0.20256557684583,0.43602259284282,0.502898304959265,-0.0828667230793367
0.637803559492705,-0.516435165862562,-1.90670960392824,-1.24866793186079
0.041875000599702,1.69884390842728,0.0886752317541851,-0.63041077603269
0.140143181168356,0.755741237474822,-2.51612628676348,-1.15320587683344
-0.843802143968812,0.492190534216246,0.22611971674736,-0.226642117788472
-1.23587956783519,-0.725195575297243,-0.339375881047186,-1.40329538139339
-0.247457907379465,-2.08930267604234,0.323960901900661,1.95351405041832
-0.496506933762756,0.515743973586111,-1.30876409302268,2.59867897603387
0.330425626875362,0.303145959105316,-0.415622236369298,-1.88427712808759
0.29924360300733,-0.461850919232375,1.65737445933673,-1.11919895089263
-0.314382913269259,-0.352664621401299,0.163337296512049,3.89094994187589
0.0386847418791566,-0.265754524174193,-0.390195379712544,-0.299485635593612
-0.885490435363692,-0.286167341791466,-1.22370289678653,-1.73867277630209
1.60308421162471,1.52669560576875,0.454356491274477,1.00958806371403
-1.34328825899221,1.48362240580572,-1.23280357779886,0.775224841745329
0.783730697161136,-1.42052248935488,-1.31519383657549,-0.245209603640469
-2.30464193039397,0.501397753321186,1.3085843978265,0.335249698398659
0.685722647463052,-1.78579664491466,-3.03487854451433,-2.13831110591022
-0.711659524753222,-0.524154521757886,-0.312128865314915,1.34818345819213
0.897780718675922,3.3550643760673,-0.415121375318174,-1.89999281604511
0.421070016655451,0.0439640039086202,-1.56235947367114,-0.201388990096388
-0.428973629405755,-0.4764314267598,1.75431488039747,-1.94321400565574
-1.13997811382094,-1.83474504983107,1.99670140258982,-2.34742886800311
-0.645804242194178,-2.44361319629702,-0.807173546996877,-1.07549322859401
-1.23243190835855,-0.194775977542556,-1.25047305497462,-1.54013633105205
-1.52862196916788,-0.484786592644458,-0.304195082179483,-0.85395622678005
-1.15862652824614,0.896038622833842,-0.4438641046491,-2.81120842649948
1.01346583220388,0.0421618796990195,-1.31416816688073,-2.21992510966834
-0.673161026443596,-0.621379476192351,0.755988264301628,-0.585644898248855
1.00697140899038,-1.88889247246803,-1.46586729054116,0.519650103753458
0.653863422605752,0.2006390188953,-0.032595046627746,2.59908057625042
0.440244692951094,0.290789823190498,1.22231514874359,1.14995126041001
-0.341152180804664,0.129900277482279,0.148093926868423,1.41260811798634
-0.0214251925078494,-2.13284764382816,0.30908418457321,-3.10913064540042
-0.228350467426587,-0.545335200209206,-0.522677595980918,-1.22778233197185
0.486237693705994,0.595830793427757,0.141936599150405,-0.351885308702339
0.695377088149556,-0.554172642809091,-2.48159022077568,-3.68368474972109
-0.41698563209185,-0.789418112960118,-1.00701191798601,-1.4303109077885
0.547321213435337,-3.70726767036751,-1.19518316913598,-0.737783981234969
-0.0161235507496268,2.48434825454463,2.06117572984136,-2.95424190023677
0.755384453875426,1.0761642273359,0.116620177573377,0.0156152718519813
1.03253245759085,-0.30223069742825,-0.708506657673669,1.26902636833229
-1.77957730182882,-0.95586556810418,-2.82926652787216,1.47961200736929
-1.44150115717296,1.25788372843168,-0.758058023237322,-0.738887100348051
-1.31403673321831,-2.20872963909056,-0.90351207626088,3.69016975366289
-0.771436467346214,0.626595224179502,-0.115015836294534,0.907588986973085
-0.702999051589659,-1.15929363982616,-0.594202693357265,-2.68920739543421
-1.33441021764277,0.694852916040262,0.295164535503482,-0.967985461841543
0.604093414622594,0.112216950672354,-0.613938607170171,0.26054194367366
-1.05321590297443,-0.608904661477796,-0.637503823117628,-3.35081708597686
1.96027368806892,0.261798104382174,2.03047593724807,1.69965728373575
1.26315011678397,-0.00697358452765572,-2.60423842445904,-0.0257435979657354
-0.838721009041673,1.37608610153483,3.89404263313212,-1.87625309496214
0.7225275512342,1.37553583094511,-0.180878109092978,-2.86503868333924
-0.0727248262702949,0.38970698658758,1.7231734643528,-0.0834019778097948
-0.148535475997749,0.16120284592738,0.309193951377467,-0.552806787118979
1.35571631794295,-0.244658492608221,0.511386320337137,0.914324457119402
-0.809804123213998,3.84113759976746,4.24458887374296,3.10025926443789
1.08199379129406,-0.41262236810123,-1.16232629500282,-0.178672367151021
-0.460342054817994,-1.08487968987733,-0.509266974615282,1.27451133267165
0.252144963960209,1.63124187139864,-1.52638901751261,3.59360039256046
0.94150336378693,1.10102685740154,1.76652731145209,-1.15906861712769
1.28719575241333,2.40485552265535,-0.408989653808766,1.76975311076064
0.0733867456610403,3.05758334341498,2.15113201834737,0.100000155154054
-1.65491066206831,-0.328752341025378,-0.289574792869156,1.38109621500741
2.69057030539396,2.66323567481465,1.90805013134147,2.2854381321449
-0.183938293330349,4.9972150810577,-0.626123019276924,-0.114865615163661
-0.910612639756359,0.538643751136792,1.64569418720296,-0.711211031048474
1.38682221476708,-1.87237987836043,-0.124405843755102,0.476316023279103
0.0470696993984153,0.453355733763487,0.742443499741868,-4.57418216331116
1.6248882425894,-0.672919030501913,0.0472062321831916,1.72730742834255
-0.860561853023936,1.29511977927898,1.93527029649841,0.803819797477239
2.0986663132969,-1.8773355417805,0.370472608719291,-0.213734571897769
-1.12700780966871,-2.75908125434858,-1.14469790252476,-1.94266522362119
-0.721713679920639,-0.93206942154031,-0.774230808554777,1.52446921634306
-0.296066243642943,0.21776630403997,-5.2763272181117,-2.02047569436476
-2.03089838288161,-0.324155867490199,-0.696036034516989,0.297200206869834
-0.34300212519312,1.02540124145535,-0.730589529512623,1.22145825843205
1.04824400429134,0.00688627688798317,3.53946216647686,0.289547950013853
-0.208468712946626,0.680196131774339,-1.27361291649412,-0.442627868495157
-2.26124594702064,0.603439636693945,-4.98246876450915,-0.369002983936795
-1.33800875435344,-0.523921524660409,1.88110353871213,2.02955029584102
-0.125281320427081,-0.371292389916214,-0.189676922903179,0.239998538737268
1.08663925251134,0.149201599065969,0.693569842993767,0.639282145316832
0.906532537927249,-0.318500228827058,-2.33547457891809,-0.753629910846739
-0.453380271426355,2.14216380124326,0.279532686058197,0.869786862874795
-0.290370788575423,0.491766605570372,0.268408609023755,-0.549563177627555
-0.0990793423512206,-0.955198939263847,-0.241878324430545,-1.18846686177671
-1.73037396890348,1.34675386287053,0.968098572285243,1.22417528853029
-0.188383845926014,-0.55091151704262,-0.0265758807965076,2.08945131954442
-1.09675086229833,-1.37251282360601,-0.325633306623139,2.86130696315419
0.669577512506888,-0.518177325926863,0.629969515435362,-2.59893472702086
-1.59596972871609,-0.921191370562313,-2.17629999400964,2.02897292083991
-1.96445874594558,-0.249135904175009,-1.64009487612636,-0.378011801426646
0.434905815268068,-0.0795139705106847,-0.839640019747603,1.45663524766777
1.12815773247728,0.0428168506936385,-0.00435824603020359,-1.13628583044951
1.9043112002933,2.84183264321015,0.447412592585928,3.60550408132479
1.30384198343326,-0.0555303766016398,-1.1258388152477,0.200289084375335
-1.11481910804297,0.573526261153784,-0.162772838796468,2.83814948133994
-0.591975812687424,3.53641725714789,0.964502030867074,4.23344034463393
0.147842043494318,1.152841066875,0.323528927947317,0.779204719874465
2.57317275710145,2.57639977611301,2.01822219241918,2.04764583273049
-0.352400066858725,0.496928150018771,0.325866445218762,-0.700021882941022
-0.767804324860826,-0.169024999208975,0.0648452268757732,-2.47071467587282
-0.124389549333089,-0.921704255798551,-0.199409372351418,1.35359728269026
-0.353415422187077,0.114617342281068,-0.290619222079082,1.48497262072969
-0.491885999238732,0.958776753108065,0.24739565367265,-3.5139057773049
-0.0931885226872704,-1.61352676733744,0.150573870966234,2.52268316943649
0.515396002901754,-0.42528290703041,-0.956833696579142,-0.9497089621216
-0.610637920380214,0.5381857260553,1.63024253066348,-0.286069039091537
0.158088999417702,-1.9564565334147,1.70851512625093,2.81284200803084
0.199162849717525,-0.153400233309773,-0.0916791927391826,-0.0945277039521767
1.35205619099687,-2.32726644808663,-0.820312954820134,-0.504219828400235
2.50875057070419,-3.46095220297428,-1.21252030683099,-1.57564531823193
0.273747643151194,-9.44411945142084,-2.87082808025113,-1.2550353219144
1.50249840432981,0.243070294854869,0.125119204410196,-0.385423565569434
2.13219578245948,-0.0351169955905166,-0.892305776331913,-0.507294155254328
-0.659787960031277,0.761758149106723,-1.30040476311802,-1.04805537024116
-0.136782448266707,4.76205850932773,1.66160769616289,0.883723911520424
0.506469575033188,-0.673257242287513,-0.978860401217334,-1.46518363317906
-0.746877076490774,-1.1042632627939,-0.283022298912348,0.581733768171437
-1.04853336563245,-1.05940605160453,-0.948583028465557,-1.25171223364845
-0.244023385766969,-0.875536867849938,1.28323647608738,-3.96747965946552
2.03694553270725,-1.14368719911223,-1.12751302237179,-1.82062770389825
-0.587963578583555,-0.461671072445846,-0.0427910132198216,2.12007152741241
-2.0649601445315,0.997810263186616,-0.386115869940174,-0.455122567985569
-0.241415549600768,-1.31865869678516,-0.768090717704586,1.40115490885082
-1.014334518558,0.449893173883556,-0.0992680355181401,0.904594255193485
-0.614531839630345,0.367571853944161,-0.519115458276424,1.65546047993011
-0.568614518414067,0.977671450087915,-1.16145534137588,0.571650187573386
0.742480357741064,-0.828384601306295,-0.527720805010302,0.167520161457546
1.21374632023509,0.663421219581757,0.698686441832345,-1.85691269839307
0.567600478976336,-1.26016160474323,1.79941843265711,-2.12053001801497
-0.63355961178898,0.213455596582704,-0.427211734283312,1.24862083691034
-0.610876208319775,-0.251682824726287,-1.55463123459914,-0.683619442882448
1.16993990639085,1.11427008784169,4.14063924128696,0.205087599790132
2.88313873915982,-0.502482314489317,-0.048330716005712,-2.04802008000584
0.509172748970304,-1.04707481210641,-0.317535845082904,3.24231287322971
-1.03197328611888,-2.26372804174192,0.366935502019698,0.784354696241159
-0.461491623917898,0.542845134908221,-0.923534081225973,1.25048144426236
0.542836003990402,-2.2118930762285,-0.747629329743913,4.07530514968059
-0.211180861241859,-1.59495135343134,-2.02536224240762,-1.24671345841579
-0.708751013913955,0.172350315811483,1.29504929438592,0.147600445170556
1.80379464104594,0.481661424250585,-0.188317308732414,2.66877298002986
0.0519083011511902,0.883734657339958,0.528486692064746,-2.11825642974399
-0.316251057676708,-0.87130037218765,-0.436867716204205,1.1265854314982
0.0202927614698442,-1.2288956177053,-4.13034895957542,0.551911062267219
1.4682190881563,-0.266990260763094,-0.0926359626769068,-0.402277472120402
-0.366018446083266,-1.68604712098392,-2.33275129674988,-4.04090305969889
0.278394967092296,2.14306389958276,0.752787846042422,0.50396849665701
-0.505659470768695,2.22423835375871,0.459256880756377,0.402198430632372
-1.76695360941543,-1.63380408013133,0.615622020744884,-0.293085465195357
-0.562285267082388,1.77033820185613,2.18069626309126,0.95508187930568
-1.01627186704959,-1.68089141248145,-0.645696184479878,0.595446620496768
-0.122061188021194,-2.63056262711066,1.02787764935678,-1.42307292532843
-1.15047281081451,-1.68773478415896,-1.45293184070092,-0.175096998563426
-0.244419954487465,0.293017530416842,0.689789807958651,0.259883805779937
-0.679685766347972,1.42001139475829,1.90370395974419,-2.16804583568702
0.0930586647042086,-0.480886703921255,-0.4473659326538,-1.38973686440647
-1.51576039721794,-1.07406253797221,-1.85490717667505,1.48593236767825
0.183673287649849,0.594212797284921,-0.798997975772377,-1.59205789452514
1.8720497535798,0.0132886991064343,-0.0542349610513467,0.664483115545199
0.0527489545202358,-0.335531570493476,-0.915230046922742,0.131552476066569
-0.479905295791049,3.1110251820823,2.34303693984538,2.88107377412156
1.64778222892825,0.353199716367369,0.0140171933406414,-0.588162581006272
-1.19887807458242,-0.359346721192829,-1.07328914476764,-0.582257557276614
0.244201629566401,-0.79961234822435,-1.03672270964306,-2.40581579229188
-1.98472468323463,6.6540258659796,6.90346701660513,0.765607198139542
0.433815072244297,2.3101451777023,-0.0310490245522206,-0.214555767309652
-0.340989068316415,-0.0119316250059036,-0.0588341296469938,-0.482066748565156
-1.58989576582048,-0.570236419230712,0.225189583727667,2.14038441770493
-2.05208263631918,0.260264415249693,0.199996030994348,1.31874491932681
0.104368110843569,-3.17872467738836,-1.40381573654535,-1.69807427983884
2.10988913737658,0.042115988892138,2.91341860561523,-0.401978386614106
0.524583287987052,0.280154552051893,-0.543302134811716,2.79202479742545
-0.744749322195894,-1.10736542181398,-1.67300855768913,0.657441811164008
0.0377430258303147,0.459981115165114,1.27539274815661,-1.73509276520133
-1.01035402525326,-0.246346490650595,0.202464120844373,-0.839098904776924
-0.0140466741495646,-0.0642689014063972,-0.328849989483857,0.557965137988672
-0.708640385303875,2.64527845259014,1.63777327077263,1.60009808800896
1.60809961923926,2.63678201385978,-0.576298685901537,2.33947925510202
-1.12379671686902,-2.27504894732135,-0.0132401112881199,5.08600662070934
0.148801854507668,-0.0650150079257175,3.11567014309659,1.29044556389237
-2.12072315292972,-0.0801636074617032,0.0200370966921736,0.758626850586399
-1.80137526159768,-1.2276743588803,-0.278774986983867,1.4413317139692
-0.580794362060592,-0.322611310784422,1.26967590819242,0.755329118821994
1.18628477154747,1.03296241182579,-5.5739847584543,-0.667842529705939
1.34712896866117,-0.876340770623092,-2.88080518408514,0.518366656109215
-0.336547030710391,0.0653039766363705,-0.0785900186840091,-0.479413133918265
0.983297377981306,-0.579751679020433,-1.36466272939927,-0.119667337334443
1.83202418951282,2.47188788118117,-1.2855290412395,-1.16611291129307
0.961813108153105,1.28281863322153,0.953150015848908,0.75117271631703
1.21323350240263,0.0634750002791035,1.23717658934992,0.134217591595605
1.4715119207168,-0.429830172495133,-0.277751350954412,0.169873832711863
-0.272519426047611,-1.8869133730381,-0.589999055937001,-1.32749734647769
0.36007834610912,0.988414106118828,0.353796333206587,-4.76578118590305
-0.784296247091769,1.53725258926095,-1.50583297618677,0.339889611143837
1.58347131038296,1.11930623472796,0.0902605168283765,0.360777688231049
0.189213182677512,1.60679051020696,2.27327190917534,1.41336203571554
0.0705456838353724,-1.07753932935094,-1.67699282400513,0.229417481425554
0.911360528726064,0.0836505182555993,0.12519697676824,-1.53876183747515
0.646424740363917,-0.487708007390315,-0.397892906755534,-0.13393967481478
-0.769672849632575,0.0484848749814529,-0.464619446513271,-1.49954293759969
-0.62115210412549,0.0923390848131185,0.860350836468095,1.29997974894511
-1.23250965773284,0.752462827337528,-1.49187579752091,-3.57944303632942
1.85816266241538,-0.513550101246092,0.729108058596095,-1.24126623754652
-0.494864141948676,1.60036234228436,3.4084112828892,2.22984654547131
-1.68539019860252,1.03011627327524,-0.185118599314341,-1.38949472621934
-0.159923257455388,0.120443008285349,-0.789533311821305,2.13190887811709
1.27988086634492,0.977258524456621,-0.187733780520426,-1.94918121788233
0.709688851231582,1.22085806800485,3.05086535282552,1.40602902854861
1.26058107838882,-0.261607593597966,-0.605336831750971,1.05423163845771
0.371484571612525,0.283555351593751,0.685979145820873,-3.26406431523223
-1.31427738854526,1.23972917676977,0.367528965854108,-4.43616920591135
-0.325634124697516,-0.218142935588996,1.15675503989229,-0.304504912246129
0.814706176109616,-0.222828707322294,0.415405931940062,0.221525198480508
-0.804789373656583,-0.38576121255036,1.62804836644294,0.880389124619936
-0.922444829201976,-0.603367971472166,0.7749949253311,1.09181921029562
-0.673384370625976,0.643655455010021,0.90219986096605,0.458416708064756
0.334417181789134,-1.19947826976042,0.916420271561979,-0.180711534131967
-1.23125197132463,-2.23334435097442,0.492920363612086,-1.83485583445947
-0.7992397309241,-0.326470732298145,1.75042123020893,-3.68849540343876
-1.14179237434623,1.87894836994125,0.555090178621531,0.592560546760659
-0.214997135565571,-0.565016841069242,-0.122432456985127,-0.190878879087378
0.985834413585157,-0.738126167600089,2.19291643957062,-4.79238115648557
-1.02561481725237,-1.79578673685599,-0.268490803062371,-1.88004940113601
-0.724228313300821,0.747256986261344,-0.0436166827437505,0.218164660914579
0.0673142296298489,-1.08240411010077,0.40594311889984,1.86933221636549
-1.92613316389144,-0.549102505719391,-2.04490073708258,-1.1301238117086
1.74475591595903,0.565846289632033,-0.29727333768195,1.75732022515233
-0.873584409118385,-1.11256301533442,0.979842965761573,0.275018478663591
-0.826473393033596,1.93729872409127,2.0572768862037,2.02901612067848
0.0382901426457728,-3.92121508963866,-2.97596882928983,-0.660856945486282
0.101722802359802,-0.297780010980376,-1.07627001421781,-0.611690387082983
-0.754903173622621,0.899772982160444,0.747561111844441,0.875100562700117
-1.53416237794874,-0.895636563515983,-0.639054864827592,-1.08488697345219
-0.159720823270669,-0.150118807572435,0.222343840752642,-0.0735347948711274
-0.248624575005404,-0.741965615557867,0.371854842442623,1.56479408710765
-0.553937707578081,-0.990181064465789,-1.3654154629774,-1.07612973559394
0.80477090365674,-0.606239036804581,0.880771738882009,0.658409936139002
0.701724458528514,1.20489942755435,0.73444293391028,0.692499932439083
-0.812509876951556,-1.16740639541229,-0.0395472086435839,-1.8527234926302
-1.46181056481001,0.740937628521245,3.85106976325305,-0.684160109335861
-0.420605494723957,2.1779941691161,-0.533123828523381,1.72265303070855
-0.411982025915502,3.96303243232283,0.81478928515182,1.52501014726392
-1.05741930403699,-1.6467819865039,-2.08207792078257,-0.908241980222396
-0.312729221483775,-0.0252581933222533,0.535768376993406,1.98101443413773
-0.544980283797079,0.533514370316352,-1.28914812882497,0.843906280448607
0.0622370779537232,-0.296993413737974,-1.72867642757921,0.377033688602122
-0.200732363886595,-3.10533982620869,-1.48746705268332,-0.801097902520785
0.823178472400538,1.35454796049973,0.365731513395259,3.30345912730227
1.56813740618782,0.536367664793414,0.975209181358837,1.77340238041407
-0.393204530006766,0.0180085150985561,4.52493654928414,-1.10388155851424
-1.21994358397624,0.266179659597984,0.00807422866745516,1.28378977653404
-0.58348376651947,5.77159603297697,1.8211492840916,3.34810217962202
1.06908528346397,-0.344740993017693,-0.377645943988143,1.7178506112537
1.06100747483186,-0.243491609860352,0.937031918328786,-0.122165702292914
0.585924769638009,-0.0680778403694144,-0.466968308328065,-1.76065758303751
-0.0819049103315377,-0.843283007185523,1.00793151144008,-5.13195551580458
0.430150053409454,-0.333295821595761,2.65750803937498,-2.6665132650595
0.908623803166837,0.325374750047124,5.58896762329763,1.91235710633772
0.960679429550479,-0.0405925389750792,-2.1244394491062,-3.1257142154647
-1.14240933205795,0.0388174171423519,3.33305809445504,6.48971222594382
-1.04714490575358,-0.889159041283406,2.60596008382714,-4.25479706540005
1.21807250325442,-1.16204698293096,-1.72221730362326,-0.730913127530732
-0.173655484349711,0.662510637008943,1.2454535574208,1.32130848251613
-0.356352467144141,1.24616213797568,0.539043965823164,1.1531515707972
-0.16768028052255,-1.21825574483364,-0.79342289388719,2.0494975420952
-0.913255908475643,-0.411282648760581,0.098745986460751,2.11997599982782
0.134074531297817,0.737248179792632,-0.926580723185718,0.0523254504870173
0.837924880539587,-0.219113355336909,-0.533560292670063,-0.548416449934764
1.39514464681548,0.431191397450548,-0.984883430648462,-0.532768111266069
-1.03566315664591,-0.310905846866954,-1.51570457971955,-0.386352441071124
-1.40500452419575,-1.79802014759601,-4.04712044199803,-0.739755157476203
1.20699411799169,15.6054577352722,1.1744524597403,1.01722484679049
-0.309485157162342,0.954910931304391,0.630854890516992,-0.0212782673922757
-1.25619823674604,-0.0665929654841787,-0.0588946092580559,1.05818983807425
1.5406622333435,-1.33452377310403,-1.77659449897874,0.14671655532173
0.239338452883004,0.0651850946655017,0.464022127847693,2.40449325444598
-1.31166523733831,-0.656137625003767,-3.69229387799804,-2.42580552855758
2.10760038314998,-1.4477833437624,-0.352023378638534,-0.93940268127573
0.77056836361856,0.449625873785477,1.2351490942429,0.414137953219365
-1.32672671423112,1.02859243384445,1.54074202042373,1.25953444206374
0.109894811167908,-0.628919329921002,3.26334930788166,0.0671819653864415
1.85190176198004,-0.492820287711069,-3.05324914682851,-1.35142747012015
0.0394884953655874,-0.127456315944917,-0.425253750925095,-0.468726311400448
-1.30757833823746,0.908180267096623,0.214125002620494,-0.916528739195013
0.276647150080487,0.478742998835167,-0.72491811866098,-0.252392747581471
-0.162678884238289,-0.593976307882625,-0.578767033012244,-2.09744222699307
2.36271641271626,0.670130732433207,0.0320060343986563,0.492054918275158
0.0340620618742249,1.952738075823,0.473263636757515,-1.45699138741771
0.205684252497622,3.50043597952613,0.373461882442378,-1.1116477706657
2.33266752742769,2.3807575861464,-3.14350660082308,0.121439387308875
-0.905623340055611,-0.32917482999361,-0.943282593169632,-0.46177317907201
0.405481240176096,0.293690714259037,-0.251730794089633,-4.91913707859085
-1.04630955037163,-1.53512842180226,-0.713202094307187,-0.245352997449551
0.314122833107326,-1.51429465239012,-1.18177932666023,0.234734850532999
0.331592063515386,1.72617496447843,-2.94773317813001,-1.44031016033391
1.64949598490004,-2.25097868485638,-0.836173925854707,-3.09507575594081
-0.551676116619042,1.69296143574194,0.00573757296536415,1.35986846886044
-1.3843602899766,-0.312142491209271,-0.248491559417322,0.898220068415644
0.30030132865887,0.0204911632250019,1.14407303893268,-1.75583334714496
1.57484025668583,-1.7645545091779,0.576073108516791,-5.00037655290928
-0.369832770569833,0.209811156053137,-0.0139225616892998,0.988699792555808
-0.834694880598289,-0.545484704021548,-0.872984446652077,-0.890601823981004
-0.28185160790365,-0.906071275104053,-0.734028420005346,1.94243001227284
-0.18290658912527,-0.7403646769168,-0.12602260358538,-1.21977326680297
-0.854296200080992,-0.50948342222349,-1.61790889585923,-1.27975303773073
-0.534787280099923,0.989826737052271,-3.77688522881586,-0.939504844755309
-0.115235157503889,-0.500414570482469,-0.66456780594667,-0.499231979208109
0.0761387937150627,0.60143821114136,0.360386586096146,0.16002585999141
-0.285417008645056,-1.99586959466651,-0.357019105004242,0.579768085314384
-0.696150324016824,0.24653132206528,0.249171431219162,-1.09933326145541
-0.96734722887397,0.256346022412723,-0.416666226665043,-0.830555628245385
0.228738827374668,0.515664819931812,0.992307551301639,-0.357721745926812
0.0294862397480447,-1.71445314548157,0.461727203851088,0.0469266908421733
-0.872234961173842,-0.442150498940195,0.00021644916510527,0.498602196985421
-0.0483210258320701,-1.91095871092621,-3.46801741663957,0.230547434548606
0.485341104869543,-0.196427534827378,-0.412681884988995,-1.35724649317543
1.10087809998828,-1.19443437351232,-1.93345663770744,-0.669176202047402
0.182482440960576,-0.393918459475247,0.240560175191305,0.210431119004908
-0.101872591992159,0.023063767377607,0.334720619999577,-1.03536799748802
-0.416255583554396,0.871028168632387,2.045362778671,0.152340708056552
1.01533428574583,2.78538774298867,-0.597968322796726,0.219035045240402
-0.329047544544127,0.746243814109757,2.12049381884111,0.320440716370424
1.50195555807862,1.27290372270251,0.23458775072459,5.11278824500077
-0.771400162308512,0.268919609588523,1.47020617571929,0.147689470646403
2.04011905624114,-1.1769758807433,-2.68097438281705,-2.0656735111725
-1.77250758755244,0.199838721245862,1.30303591146744,0.571453304079739
-0.79644486862407,0.409457139183595,-1.47083619845722,-0.057322901055687
0.27689470062036,-0.840932535575173,-0.210991314094054,-3.12285784628145
-1.45081304794698,-1.14473762275936,-1.69161221048654,-1.03683994730544
-0.65133161774113,-0.725969874292435,0.193089889253004,0.493554305293216
-1.12335334764786,0.308317449554445,0.781810835570939,0.669684506636591
-0.102343934168279,-0.00993758906394974,1.3345108593635,-3.02170089649046
0.779512122888207,-2.09727136516739,-1.43790433581706,0.581665688161435
1.58232355433029,-0.467644606424178,0.837503166131946,0.672534256503971
0.686940516532052,-0.090537528009269,-0.181442332708289,-0.995299601555415
-0.625037730503717,0.188912386545372,0.188697205249234,1.45808971988997
0.909280070214341,-7.20605662005094,-2.3563856018391,-3.50793829172753
-1.75884596574587,0.23382761683535,2.01936581966389,2.03804916244593
0.711004341183196,-0.806192132393164,-1.05616563376643,-0.942375084268813
0.353071185745791,-0.200664387524437,1.46662066460926,-1.74957509152569
-0.873512467884958,0.598724277375508,1.00249474942771,2.33210656843348
0.241357141234852,1.00640616565258,-2.02467346578677,1.30301312466069
-0.781674862056251,-0.374707937495696,-1.67970933181056,0.305730755845162
-1.36103345849991,0.273840521623433,-0.38933087564535,-1.75085477329682
1.12074126547426,0.345807921076368,1.60191740950261,1.1949849264729
-0.400304916229862,-0.353371334959689,-2.85787750001574,-2.4078200030598
0.922925900914955,0.352022257690424,-0.373430522905968,1.32924837500825
-0.0542749655432839,1.26152051100459,0.134683802798431,-0.74187222559679
1.03394522748886,-0.41251811478266,-0.9482751114412,-0.682690454252317
0.689670265550843,0.180172665599193,0.917306299379499,2.19477831636015
-2.22987419418963,-2.07437010991926,-0.482699461061054,-0.279347917427974
-0.382714334804054,0.25917582088837,1.15567689213572,0.349526404788588
0.464699567848375,0.24089667732575,-0.931408939956434,-0.422182488492577
-1.01430933607463,-0.651302782862022,-2.09136274903636,-0.163628393076804
-1.5527540749113,0.24417023651371,0.779770059924615,-1.45318245976101
-1.24511797380493,0.976992763537841,-0.861935659834739,2.10869591537409
0.907747370613447,-0.594776238127896,0.223910298568097,-1.57877065789716
0.628149294066646,-0.299247955164171,-1.5410877052805,0.867516874688128
-0.5719824356941,0.364280774792612,-1.90972239413576,0.557272268721524
-0.0577108638895268,1.16056718908667,0.266161096712152,1.73896470919864
-0.147594887482035,0.00613027872375437,-0.971260059947008,-4.02497949566036
-1.2483035849082,0.934633287052878,-0.698762458942871,0.711691951026633
-0.17849924489543,-0.0529865023035394,4.48132953017114e-05,-0.782136105687264
